投资期限,投资金额,操作,收益方式,标题,预期年化利率,预期收益
7个月,3800.0元,投资,每月回收本息,贝月盈VIP26906,10%,127.68元
7个月,3300.0元,还款中,每月回收本息,贝月盈VIP34488,10%,110.88元
7个月,4500.0元,还款中,每月回收本息,贝月盈VIP34487,10%,151.2元
10个月,4800.0元,还款中,每月回收本息,贝月盈VIP34470,11%,245.2元
7个月,3800.0元,还款中,每月回收本息,贝月盈VIP34465,10%,127.68元
5个月,4500.0元,还款中,每月回收本息,贝月盈VIP34473,10%,113.05元
5个月,4500.0元,还款中,每月回收本息,贝月盈VIP34476,10%,113.05元
7个月,4000.0元,还款中,每月回收本息,贝月盈VIP34429,10%,134.4元
7个月,3800.0元,还款中,每月回收本息,贝月盈VIP34392,10%,127.68元
7个月,3800.0元,还款中,每月回收本息,贝月盈VIP34390,10%,127.68元
7个月,3800.0元,还款中,每月回收本息,贝月盈VIP34355,10%,127.68元
7个月,3300.0元,还款中,每月回收本息,贝月盈VIP34374,10%,110.88元
5个月,4000.0元,还款中,每月回收本息,贝月盈VIP34334,10%,100.5元
5个月,3300.0元,还款中,每月回收本息,贝月盈VIP34313,10%,82.9元
5个月,3300.0元,还款中,每月回收本息,贝月盈VIP34319,10%,82.9元
6个月,3300.0元,还款中,每月回收本息,贝月盈VIP34316,10%,96.84元
7个月,4000.0元,还款中,每月回收本息,贝月盈VIP34311,10%,134.4元
7个月,3300.0元,还款中,每月回收本息,贝月盈VIP34305,10%,110.88元
7个月,3300.0元,还款中,每月回收本息,贝月盈VIP34295,10%,110.88元
6个月,5300.0元,还款中,每月回收本息,贝月盈VIP34234,10%,155.58元
7个月,3300.0元,还款中,每月回收本息,贝月盈VIP32297,10%,110.88元
7个月,3300.0元,还款中,每月回收本息,贝月盈VIP32287,10%,110.88元
7个月,3300.0元,还款中,每月回收本息,贝月盈VIP32238,10%,110.88元
7个月,3300.0元,还款中,每月回收本息,贝月盈VIP32224,10%,110.88元
6个月,3300.0元,还款中,每月回收本息,贝月盈VIP32222,10%,96.84元
7个月,3300.0元,还款中,每月回收本息,贝月盈VIP32217,10%,110.88元
5个月,3300.0元,还款中,每月回收本息,贝月盈VIP32213,10%,82.9元
5个月,3300.0元,还款中,每月回收本息,贝月盈VIP32209,10%,82.9元
7个月,3300.0元,还款中,每月回收本息,贝月盈VIP32152,10%,110.88元
7个月,3300.0元,还款中,每月回收本息,贝月盈VIP32149,10%,110.88元
7个月,3300.0元,还款中,每月回收本息,贝月盈VIP32142,10%,110.88元
6个月,3300.0元,还款中,每月回收本息,贝月盈VIP32156,10%,96.84元
7个月,3300.0元,还款中,每月回收本息,贝月盈VIP32036,10%,110.88元
7个月,4200.0元,还款中,每月回收本息,贝月盈VIP32124,10%,141.12元
5个月,3000.0元,还款中,每月回收本息,贝月盈VIP32120,10%,75.4元
5个月,3300.0元,还款中,每月回收本息,贝月盈VIP32090,10%,82.9元
7个月,3300.0元,还款中,每月回收本息,贝月盈VIP32085,10%,110.88元
7个月,3300.0元,还款中,每月回收本息,贝月盈VIP32082,10%,110.88元
6个月,3300.0元,还款中,每月回收本息,贝月盈VIP32095,10%,96.84元
7个月,3300.0元,还款中,每月回收本息,贝月盈VIP32027,10%,110.88元
7个月,3300.0元,还款中,每月回收本息,贝月盈VIP32582,10%,110.88元
7个月,3300.0元,还款中,每月回收本息,贝月盈VIP32576,10%,110.88元
7个月,3800.0元,还款中,每月回收本息,贝月盈VIP32486,10%,127.68元
5个月,3300.0元,还款中,每月回收本息,贝月盈VIP32485,10%,82.9元
6个月,3300.0元,还款中,每月回收本息,贝月盈VIP32477,10%,96.84元
7个月,3800.0元,还款中,每月回收本息,贝月盈VIP32480,10%,127.68元
7个月,6000.0元,还款中,每月回收本息,贝月盈VIP32468,10%,201.6元
7个月,5500.0元,还款中,每月回收本息,贝月盈VIP32443,10%,184.8元
7个月,3300.0元,还款中,每月回收本息,贝月盈VIP32399,10%,110.88元
8个月,3600.0元,还款中,每月回收本息,贝月盈VIP32424,11%,150.0元
5个月,4500.0元,还款中,每月回收本息,贝月盈VIP32431,10%,113.05元
5个月,3800.0元,还款中,每月回收本息,贝月盈VIP32406,10%,95.5元
7个月,3300.0元,还款中,每月回收本息,贝月盈VIP32393,10%,110.88元
7个月,3300.0元,还款中,每月回收本息,贝月盈VIP32394,10%,110.88元
7个月,3300.0元,还款中,每月回收本息,贝月盈VIP32384,10%,110.88元
7个月,3300.0元,还款中,每月回收本息,贝月盈VIP32350,10%,110.88元
10个月,3300.0元,还款中,每月回收本息,贝月盈VIP32330,11%,168.6元
7个月,3800.0元,还款中,每月回收本息,贝月盈VIP32302,10%,127.68元
7个月,3300.0元,还款中,每月回收本息,贝月盈VIP32299,10%,110.88元
7个月,3300.0元,还款中,每月回收本息,贝月盈VIP32290,10%,110.88元
7个月,3300.0元,还款中,每月回收本息,贝月盈VIP32794,10%,110.88元
7个月,3300.0元,还款中,每月回收本息,贝月盈VIP32729,10%,110.88元
6个月,3300.0元,还款中,每月回收本息,贝月盈VIP32728,10%,96.84元
5个月,4500.0元,还款中,每月回收本息,贝月盈VIP32736,10%,113.05元
7个月,3800.0元,还款中,每月回收本息,贝月盈VIP32699,10%,127.68元
7个月,3300.0元,还款中,每月回收本息,贝月盈VIP32710,10%,110.88元
7个月,3300.0元,还款中,每月回收本息,贝月盈VIP32704,10%,110.88元
5个月,4800.0元,还款中,每月回收本息,贝月盈VIP32684,10%,120.6元
7个月,4800.0元,还款中,每月回收本息,贝月盈VIP32700,10%,161.28元
5个月,3300.0元,还款中,每月回收本息,贝月盈VIP32691,10%,82.9元
5个月,5000.0元,还款中,每月回收本息,贝月盈VIP32687,10%,125.65元
10个月,5000.0元,还款中,每月回收本息,贝月盈VIP32680,11%,255.4元
6个月,3300.0元,还款中,每月回收本息,贝月盈VIP32664,10%,96.84元
10个月,3800.0元,还款中,每月回收本息,贝月盈VIP32660,11%,194.1元
7个月,3800.0元,还款中,每月回收本息,贝月盈VIP32651,10%,127.68元
7个月,3300.0元,还款中,每月回收本息,贝月盈VIP32614,10%,110.88元
9个月,5000.0元,还款中,每月回收本息,贝月盈VIP32612,11%,232.11元
5个月,2300.0元,还款中,每月回收本息,贝月盈VIP32601,10%,57.8元
7个月,3300.0元,还款中,每月回收本息,贝月盈VIP32595,10%,110.88元
7个月,3300.0元,还款中,每月回收本息,贝月盈VIP32585,10%,110.88元
7个月,3300.0元,还款中,每月回收本息,贝月盈VIP32983,10%,110.88元
7个月,3300.0元,还款中,每月回收本息,贝月盈VIP32973,10%,110.88元
5个月,3300.0元,还款中,每月回收本息,贝月盈VIP32957,10%,82.9元
7个月,3300.0元,还款中,每月回收本息,贝月盈VIP32970,10%,110.88元
7个月,3300.0元,还款中,每月回收本息,贝月盈VIP32943,10%,110.88元
7个月,3800.0元,还款中,每月回收本息,贝月盈VIP32942,10%,127.68元
7个月,3300.0元,还款中,每月回收本息,贝月盈VIP32930,10%,110.88元
7个月,3300.0元,还款中,每月回收本息,贝月盈VIP32918,10%,110.88元
5个月,3700.0元,还款中,每月回收本息,贝月盈VIP32916,10%,92.95元
7个月,3800.0元,还款中,每月回收本息,贝月盈VIP32931,10%,127.68元
7个月,3300.0元,还款中,每月回收本息,贝月盈VIP32893,10%,110.88元
7个月,3300.0元,还款中,每月回收本息,贝月盈VIP32887,10%,110.88元
7个月,3300.0元,还款中,每月回收本息,贝月盈VIP32875,10%,110.88元
7个月,5700.0元,还款中,每月回收本息,贝月盈VIP32880,10%,191.52元
7个月,3300.0元,还款中,每月回收本息,贝月盈VIP32867,10%,110.88元
7个月,3800.0元,还款中,每月回收本息,贝月盈VIP32898,10%,127.68元
7个月,3800.0元,还款中,每月回收本息,贝月盈VIP32822,10%,127.68元
7个月,3800.0元,还款中,每月回收本息,贝月盈VIP32890,10%,127.68元
10个月,4200.0元,还款中,每月回收本息,贝月盈VIP32877,11%,214.5元
7个月,3300.0元,还款中,每月回收本息,贝月盈VIP32777,10%,110.88元
7个月,3300.0元,还款中,每月回收本息,贝月盈VIP33129,10%,110.88元
5个月,4200.0元,还款中,每月回收本息,贝月盈VIP33118,10%,105.55元
7个月,3100.0元,还款中,每月回收本息,贝月盈VIP33094,10%,104.16元
7个月,4800.0元,还款中,每月回收本息,贝月盈VIP33087,10%,161.28元
7个月,4700.0元,还款中,每月回收本息,贝月盈VIP33093,10%,157.92元
7个月,3300.0元,还款中,每月回收本息,贝月盈VIP33083,10%,110.88元
7个月,3800.0元,还款中,每月回收本息,贝月盈VIP33080,10%,127.68元
6个月,3300.0元,还款中,每月回收本息,贝月盈VIP33072,10%,96.84元
7个月,3300.0元,还款中,每月回收本息,贝月盈VIP33064,10%,110.88元
7个月,3300.0元,还款中,每月回收本息,贝月盈VIP33065,10%,110.88元
7个月,3300.0元,还款中,每月回收本息,贝月盈VIP33055,10%,110.88元
7个月,3800.0元,还款中,每月回收本息,贝月盈VIP33039,10%,127.68元
6个月,3800.0元,还款中,每月回收本息,贝月盈VIP33042,10%,111.54元
7个月,4500.0元,还款中,每月回收本息,贝月盈VIP33041,10%,151.2元
5个月,4500.0元,还款中,每月回收本息,贝月盈VIP33038,10%,113.05元
7个月,3300.0元,还款中,每月回收本息,贝月盈VIP33028,10%,110.88元
7个月,3300.0元,还款中,每月回收本息,贝月盈VIP33026,10%,110.88元
10个月,4500.0元,还款中,每月回收本息,贝月盈VIP33025,11%,229.9元
7个月,3300.0元,还款中,每月回收本息,贝月盈VIP33016,10%,110.88元
7个月,3300.0元,还款中,每月回收本息,贝月盈VIP32996,10%,110.88元
5个月,3300.0元,还款中,每月回收本息,贝月盈VIP33331,10%,82.9元
7个月,3300.0元,还款中,每月回收本息,贝月盈VIP33355,10%,110.88元
10个月,7500.0元,还款中,每月回收本息,贝月盈VIP33320,11%,383.1元
7个月,3300.0元,还款中,每月回收本息,贝月盈VIP33324,10%,110.88元
7个月,4200.0元,还款中,每月回收本息,贝月盈VIP33327,10%,141.12元
7个月,3300.0元,还款中,每月回收本息,贝月盈VIP33313,10%,110.88元
7个月,5000.0元,还款中,每月回收本息,贝月盈VIP33318,10%,168.0元
7个月,3300.0元,还款中,每月回收本息,贝月盈VIP33303,10%,110.88元
7个月,3300.0元,还款中,每月回收本息,贝月盈VIP33301,10%,110.88元
7个月,3300.0元,还款中,每月回收本息,贝月盈VIP33268,10%,110.88元
7个月,4500.0元,还款中,每月回收本息,贝月盈VIP33280,10%,151.2元
7个月,3300.0元,还款中,每月回收本息,贝月盈VIP33259,10%,110.88元
7个月,3800.0元,还款中,每月回收本息,贝月盈VIP33257,10%,127.68元
5个月,3800.0元,还款中,每月回收本息,贝月盈VIP33246,10%,95.5元
7个月,3300.0元,还款中,每月回收本息,贝月盈VIP33214,10%,110.88元
5个月,3300.0元,还款中,每月回收本息,贝月盈VIP33194,10%,82.9元
5个月,3300.0元,还款中,每月回收本息,贝月盈VIP33188,10%,82.9元
10个月,6000.0元,还款中,每月回收本息,贝月盈VIP33193,11%,306.5元
7个月,3800.0元,还款中,每月回收本息,贝月盈VIP33141,10%,127.68元
7个月,5500.0元,还款中,每月回收本息,贝月盈VIP33136,10%,184.8元
10个月,4800.0元,还款中,每月回收本息,贝月盈VIP33587,11%,245.2元
5个月,3300.0元,还款中,每月回收本息,贝月盈VIP33598,10%,82.9元
5个月,3800.0元,还款中,每月回收本息,贝月盈VIP33573,10%,95.5元
5个月,3800.0元,还款中,每月回收本息,贝月盈VIP33561,10%,95.5元
7个月,3300.0元,还款中,每月回收本息,贝月盈VIP33539,10%,110.88元
7个月,3300.0元,还款中,每月回收本息,贝月盈VIP33503,10%,110.88元
7个月,3800.0元,还款中,每月回收本息,贝月盈VIP33480,10%,127.68元
7个月,4800.0元,还款中,每月回收本息,贝月盈VIP33499,10%,161.28元
7个月,3300.0元,还款中,每月回收本息,贝月盈VIP33496,10%,110.88元
7个月,4200.0元,还款中,每月回收本息,贝月盈VIP33473,10%,141.12元
10个月,4500.0元,还款中,每月回收本息,贝月盈VIP33481,11%,229.9元
5个月,4800.0元,还款中,每月回收本息,贝月盈VIP33494,10%,120.6元
7个月,4500.0元,还款中,每月回收本息,贝月盈VIP33477,10%,151.2元
5个月,3300.0元,还款中,每月回收本息,贝月盈VIP33440,10%,82.9元
7个月,3300.0元,还款中,每月回收本息,贝月盈VIP33420,10%,110.88元
6个月,3300.0元,还款中,每月回收本息,贝月盈VIP33425,10%,96.84元
7个月,4200.0元,还款中,每月回收本息,贝月盈VIP33409,10%,141.12元
7个月,3300.0元,还款中,每月回收本息,贝月盈VIP33401,10%,110.88元
6个月,3300.0元,还款中,每月回收本息,贝月盈VIP33403,10%,96.84元
7个月,5000.0元,还款中,每月回收本息,贝月盈VIP33412,10%,168.0元
7个月,3300.0元,还款中,每月回收本息,贝月盈VIP33791,10%,110.88元
5个月,3300.0元,还款中,每月回收本息,贝月盈VIP33745,10%,82.9元
7个月,3300.0元,还款中,每月回收本息,贝月盈VIP33741,10%,110.88元
5个月,4800.0元,还款中,每月回收本息,贝月盈VIP33736,10%,120.6元
6个月,3000.0元,还款中,每月回收本息,贝月盈VIP33730,10%,88.08元
7个月,4800.0元,还款中,每月回收本息,贝月盈VIP33768,10%,161.28元
7个月,4500.0元,还款中,每月回收本息,贝月盈VIP33726,10%,151.2元
10个月,4500.0元,还款中,每月回收本息,贝月盈VIP33742,11%,229.9元
7个月,4500.0元,还款中,每月回收本息,贝月盈VIP33710,10%,151.2元
7个月,5100.0元,还款中,每月回收本息,贝月盈VIP33692,10%,171.36元
5个月,3800.0元,还款中,每月回收本息,贝月盈VIP33677,10%,95.5元
7个月,5000.0元,还款中,每月回收本息,贝月盈VIP33673,10%,168.0元
6个月,3000.0元,还款中,每月回收本息,贝月盈VIP33622,10%,88.08元
7个月,3800.0元,还款中,每月回收本息,贝月盈VIP33609,10%,127.68元
7个月,3300.0元,还款中,每月回收本息,贝月盈VIP33637,10%,110.88元
7个月,3300.0元,还款中,每月回收本息,贝月盈VIP33620,10%,110.88元
7个月,3300.0元,还款中,每月回收本息,贝月盈VIP33651,10%,110.88元
7个月,3800.0元,还款中,每月回收本息,贝月盈VIP33658,10%,127.68元
5个月,6500.0元,还款中,每月回收本息,贝月盈VIP33621,10%,163.3元
7个月,3300.0元,还款中,每月回收本息,贝月盈VIP33613,10%,110.88元
6个月,3300.0元,还款中,每月回收本息,贝月盈VIP33973,10%,96.84元
7个月,3300.0元,还款中,每月回收本息,贝月盈VIP33945,10%,110.88元
7个月,5300.0元,还款中,每月回收本息,贝月盈VIP33977,10%,178.08元
7个月,5000.0元,还款中,每月回收本息,贝月盈VIP33919,10%,168.0元
7个月,4000.0元,还款中,每月回收本息,贝月盈VIP33920,10%,134.4元
7个月,3600.0元,还款中,每月回收本息,贝月盈VIP33899,10%,120.96元
7个月,3800.0元,还款中,每月回收本息,贝月盈VIP33901,10%,127.68元
7个月,3000.0元,还款中,每月回收本息,贝月盈VIP33906,10%,100.8元
7个月,5400.0元,还款中,每月回收本息,贝月盈VIP33908,10%,181.44元
7个月,3000.0元,还款中,每月回收本息,贝月盈VIP33870,10%,100.8元
5个月,3300.0元,还款中,每月回收本息,贝月盈VIP33861,10%,82.9元
10个月,3700.0元,还款中,每月回收本息,贝月盈VIP33860,11%,189.0元
7个月,3200.0元,还款中,每月回收本息,贝月盈VIP33851,10%,107.52元
7个月,4200.0元,还款中,每月回收本息,贝月盈VIP33828,10%,141.12元
7个月,3300.0元,还款中,每月回收本息,贝月盈VIP33767,10%,110.88元
7个月,4700.0元,还款中,每月回收本息,贝月盈VIP33801,10%,157.92元
7个月,3400.0元,还款中,每月回收本息,贝月盈VIP33811,10%,114.24元
7个月,4200.0元,还款中,每月回收本息,贝月盈VIP33806,10%,141.12元
7个月,6000.0元,还款中,每月回收本息,贝月盈VIP33797,10%,201.6元
7个月,3300.0元,还款中,每月回收本息,贝月盈VIP33800,10%,110.88元
5个月,3000.0元,还款中,每月回收本息,贝月盈VIP34214,10%,75.4元
5个月,4000.0元,还款中,每月回收本息,贝月盈VIP34197,10%,100.5元
10个月,4500.0元,还款中,每月回收本息,贝月盈VIP34174,11%,229.9元
7个月,4300.0元,还款中,每月回收本息,贝月盈VIP34195,10%,144.48元
7个月,3300.0元,还款中,每月回收本息,贝月盈VIP34190,10%,110.88元
7个月,5300.0元,还款中,每月回收本息,贝月盈VIP34186,10%,178.08元
7个月,4800.0元,还款中,每月回收本息,贝月盈VIP34172,10%,161.28元
5个月,3300.0元,还款中,每月回收本息,贝月盈VIP34117,10%,82.9元
7个月,4500.0元,还款中,每月回收本息,贝月盈VIP34107,10%,151.2元
7个月,3300.0元,还款中,每月回收本息,贝月盈VIP34103,10%,110.88元
7个月,3300.0元,还款中,每月回收本息,贝月盈VIP34092,10%,110.88元
10个月,3300.0元,还款中,每月回收本息,贝月盈VIP34089,11%,168.6元
7个月,3800.0元,还款中,每月回收本息,贝月盈VIP34084,10%,127.68元
10个月,4200.0元,还款中,每月回收本息,贝月盈VIP34080,11%,214.5元
7个月,3300.0元,还款中,每月回收本息,贝月盈VIP34095,10%,110.88元
5个月,5300.0元,还款中,每月回收本息,贝月盈VIP34042,10%,133.15元
7个月,4200.0元,还款中,每月回收本息,贝月盈VIP34027,10%,141.12元
5个月,3300.0元,还款中,每月回收本息,贝月盈VIP34043,10%,82.9元
10个月,5000.0元,还款中,每月回收本息,贝月盈VIP34017,11%,255.4元
7个月,4800.0元,还款中,每月回收本息,贝月盈VIP33972,10%,161.28元
